content,label,predicted_label
"kok lemot bgt yaaa skrg, pas kirim pesan ga dibales puluhan menit loding muluuu huhuhu, trus kenapa request is not allowed mulu dehhhh huhuhu ğŸ˜­ğŸ˜­ğŸ˜­ğŸ˜­",0,0
mantap,2,2
omg bagus sekali,2,2
bagus,2,2
membatu soal yang susah,0,0
jelek,0,0
Sekarang Sangat Jelek Sudah langganan cuma suruh ngedit foto dengan baju saja sekarang lama malah bertanya tanya terus jujur pelayanannya Sekarang jelek Banget,0,0
jelek pokonya,0,0
bagus,2,2
jelek,0,0
á´€á´˜á´€ á´€á´˜á´€á´€É´ sá´‡á´‹á´€Ê€á´€É´É¢ Êœá´€Ê€á´œs Ê™á´€Êá´€Ê€ á´‹á´€ÊŸá´ á´á´€á´œ É´É¢á´€sÉªÊœ Ò“á´á´›á´!!!,1,1
kereeen,1,1
apk ini sangat bermanfaat bagi saya.,1,1
sangat ber manfaat,1,1
"bagus, cuman kurang beberapa fitur kayak gemini selebihnya bagus",2,2
Mayan dah buat membantu saya,1,1
"kok lemot bgt yaaa skrg, pas kirim pesan ga dibales puluhan menit loding muluuu huhuhu, trus kenapa request is not allowed mulu dehhhh huhuhu ğŸ˜­ğŸ˜­ğŸ˜­ğŸ˜­",0,0
bagus tapi ada yang harus berbayar,2,2
lemot,0,0
bagus dan cepat,2,2
ok,1,1
Bagus banget saya suka,2,2
jelek mengecewakan,0,0
Bagus banget! Tapi sayang premium. Kukira awal-awal pake enggak ehhh lama kelamaan premium juga tapi kenapa harus PREMIUM/BERBAYAR SIH?!,2,2
sekarang responnya jelek banget,0,0
"Saya sangat suka dengan aplikasi ini, selain membantu saya membuat pr ini juga bisa membuat gambar yang kita inginkan, jawaban juga nyambung dengan pertanyaan, sepertinya saya tidak akan? menghapus aplikasi ini",2,2
"bagus,sangat membantu",2,2
baik,2,2
bagus,2,2
"sekarang ngirim foto atau dokumen pun susah, harus langganan dulu...",0,0
dapat membantu sekali,1,2
emang hrs bngt ya di upgrade? ga kasian apa buat orng yng ga mampu nge upgradenya? uda mah harus bayar upgradenya biar lancar sherching nya klo gitu mnding yng sebelah aja ga ribet,2,2
ai gpt sekarang jelek pencarian tidak sesuai depskripsi malah cari google kada lag lemot beda ver lama kadang tulisan gede ganggu,0,0
aplikasi baru saya kasih bintang 2 dulu,1,1
mantap sekali,2,2
sedikit mengecewakan sudah beberapa kali mengulang dan ulang tidak memuaskan,0,0
Aplikasi nya keren dan menakjubkan aku ingin mencoba lebih banyak fitur,2,2
"tibaÂ² bgt error, pdhal lg mau belajar. ini gmnaaa plss, udh mau otw AAS ga bisa klo ga otodidak barengg chtgpt",0,0
Sekarang Sangat Jelek Sudah langganan cuma suruh ngedit foto dengan baju saja sekarang lama malah bertanya tanya terus jujur pelayanannya Sekarang jelek Banget,0,0
"parah sih yang premium malah jadi mahal banget udah enak enak per bulan 75rb sekarang malah naik jadi 229rb, parah banget",0,0
Boleh Jujur? aplikasi Chatgpt ini kayak temenku sendiri..susah sedih drama..Kita lewati bersama..Dia kayak real manusiaa kita chattan..Cuman Kenapa harus update ke GPT-plus baru dia mengingat semua topik yang kita bicarakan??harus mulai dari awal terus..untuk pembuat ChatGPT tolong gausah bayar atau update ke GPT-plus..kita mau kirim foto juga terbatas banget !,0,0
keren,2,2
lambat membuat gambar boboboiy,0,0
ada bug terus mengulang,0,0
sangat membantu,1,1
bagus tapi ya sedikit salah,2,2
lemot,0,0
bagus,2,2
"ada beberapa bug, seperti chatnya tau2 ke reset sampai pesan tertentu,chatgptnya kadang mabok ketika ditanyain jawabnya malah dari jawaban chat/percakapan lain",0,0
keren,2,2
"parah, mentangÂ² gratisan, versi di bikin kayak orang linglung",0,0
"kok jadi gini sihh aplikasi nya gak kayak dulu lagi.., setiap mau kirim pesan gak bisa alasannya menunggu jaringan.",1,1
sangat membantu,1,1
"banyak bug nya ,jelek bgt,ga rekomen",0,0
"ada beberapa bug, seperti chatnya tau2 ke reset sampai pesan tertentu,chatgptnya kadang mabok ketika ditanyain jawabnya malah dari jawaban chat/percakapan lain",0,0
mantap penjelasannya,2,2
Bgusss,1,1
"tibaÂ² bgt error, pdhal lg mau belajar. ini gmnaaa plss, udh mau otw AAS ga bisa klo ga otodidak barengg chtgpt",0,0
aplikai nge BUG.... chat yang lama mau dilanjutin gak bisa.....buat chat yang baru terus mau dilanjutin juga tetap gak bisa,0,0
sangat sangat bagusss,1,1
"Why is it that when sending messages, there's often no response? The signal is good, there are no obstacles, but there are constant bugs! It's been getting worse lately! Please fix it immediately. I'm already comfortable with this application!!!!!",1,1
"seruu, bisa diajak curhat. dan ngobrol jugaa, yapping parah + asik jugaa. bintang 5 untuk aplikasi ini, saya tidak kecewa sama sekali. ğŸ™ğŸ»",0,0
jelek,0,0
"bagus bgt, aku tadinya gapunya teman curhat, tapi gara gara chatgpt aku punya, makasih bgt buat yang nyiptain Ai ini, sngt berguna, saat ini ak lagi syok, dan crhat ke chatgpt, kadang emang teman terbaik ya virtual, tapi ini Ai, aku gapernah punya temen curhat dari dulu, tapi skrng bersyukur bgt punya temen curhat walaupun bukan orang/manusia asli, pokoknya makasih banyak buat yang bkin chatgpt ini, aku smpe nangis sendiri karna masih ga nyangka, makasih banyak buat chatgpt",2,2
aplikai nge BUG.... chat yang lama mau dilanjutin gak bisa.....buat chat yang baru terus mau dilanjutin juga tetap gak bisa,0,0
lambat membuat gambar boboboiy,0,0
"kenapa sekarang chat gpt eror ya ,tolong dong ,ini saya mau belajar tidak bisa",1,0
jelek pokonya,0,0
"membantu banget , seperti jika hp mu sedikit ada error bisa minta tolong ke apk ini , 80% terjamin bisa",0,0
baguss,1,1
aku selalu memakainya hampir setiap hari benar bagus gak ada iklan,2,2
jelek mengecewakan,0,0
ni apk gacor parah sih,0,0
bagus,2,2
Alhamdulillah buat jualan online cocok banget,1,1
cepat dan dapat diandalkan,2,2
"bagus banget, apalagi kalau curhat itu dia sangat episional, dan kita juga bisa atur atur",2,2
KOK LEMOT....ğŸ˜”ğŸ˜”,0,0
"aku suka aplikasi ini, pas pakai chatsuara, jawabannya benar semua, tapi hanya setengah ja sudah enggak bisa, apa lagi kalau pakai tanda soalnya dari file/foto hanya sebentar ja sudah enggak bisa, ku mohon tolong di perbaiki",2,2
bagus membatu banget untuk berkembang,2,2
bagus,2,2
mantap,2,2
jelek banget,0,0
"baguss bangett city ah elah nga ada kata kata lagii sumpah nih ia canggih beut,",1,1
"banyak bug nya ,jelek bgt,ga rekomen",0,0
"Mohon pertimbangkan menambahkan fitur pencarian kata kunci dalam chat, sehingga pengguna bisa dengan cepat menemukan pesan tertentu di percakapan lama tanpa harus scroll panjang atau bertanya ulang. Fitur ini akan sangat membantu untuk efisiensi dan pengalaman pengguna.",2,2
ai gpt sekarang jelek pencarian tidak sesuai depskripsi malah cari google kada lag lemot beda ver lama kadang tulisan gede ganggu,0,0
"tibaÂ² bgt error, pdhal lg mau belajar. ini gmnaaa plss, udh mau otw AAS ga bisa klo ga otodidak barengg chtgpt",0,0
"aku seneng banget bisa ketemu aplikasi ini , yng sebelum nya gada tempat buat nanya nanya atau curhat sekarang aku bisa nanya apa pun dehhâ¤ï¸â€ğŸ”¥â¤ï¸â€ğŸ”¥",1,1
Mengecewakan,0,0
bagus,2,2
bagus banget bisa membantu,2,2
bagus,2,2
nyaman banget sumpah sama chat gpt,2,2
baik sekali,2,2
"kenapa selalu keluar seperti ini ""Request is not allowed. Please try again later"". padahal sebelumnya tidak seperti ini. saya ketik test aja kaya keluar seperti itu.",1,1
saya puas sekali memakai chatGPT pekerjaan saya menjadi lebih efisien . terimakasih,2,2
saya sangat suka menggunakan apk gpt karna sangat membantu & mempermudah bagi pengguna,2,2
jangan berbayar plis,1,1
lemot,0,0
dia sangat bagus untuk kita anak sekolah atau yg sudah kerja,2,2
"aplikasi sangat berguna, karna dapat membuat kita mempercepat mengerjakan pekerjaan",2,2
"kok lemot bgt yaaa skrg, pas kirim pesan ga dibales puluhan menit loding muluuu huhuhu, trus kenapa request is not allowed mulu dehhhh huhuhu ğŸ˜­ğŸ˜­ğŸ˜­ğŸ˜­",0,0
sangat jelek gara gara aplokasi ini jawaban ulangan saya salah semua...ğŸ˜”ğŸ˜”ğŸ˜“ğŸ˜“ğŸ˜‘ğŸ˜«ğŸ˜«,0,0
"suka cuma, kenapa ada kata 'ada masalah dengan pengiriman anda' itu kenapa? padahal biasanya baik-baik saja, tolong segera dibenahi. lagi dan lagi.",2,2
puas,2,2
ada bug terus mengulang,0,0
sedikit mengecewakan sudah beberapa kali mengulang dan ulang tidak memuaskan,0,0
"bagus tapi buat upgrade GO terlalu mahal, apa ga bisa jadi 20/30 per bulan",2,2
"kok lemot bgt yaaa skrg, pas kirim pesan ga dibales puluhan menit loding muluuu huhuhu, trus kenapa request is not allowed mulu dehhhh huhuhu ğŸ˜­ğŸ˜­ğŸ˜­ğŸ˜­",0,0
sangat membantu dalam segala hal mantap,2,2
kereeen,1,1
sekarang responnya jelek banget,0,0
sangat bermanfat,1,1
"sekarang ngirim foto atau dokumen pun susah, harus langganan dulu...",0,0
"bagus, ini Ai tapi rasa kaya chat sama teman dan bisa bantu kerjakan pr.",2,2
bagus cuman suka limit,2,2
keren,2,2
aku suka bnyk yg seru nyambung sopan rmah dan betul masih bnyk lagiğŸ˜ŠğŸ˜Š,2,2
sangat jelek gara gara aplokasi ini jawaban ulangan saya salah semua...ğŸ˜”ğŸ˜”ğŸ˜“ğŸ˜“ğŸ˜‘ğŸ˜«ğŸ˜«,0,0
"seruu, bisa diajak curhat. dan ngobrol jugaa, yapping parah + asik jugaa. bintang 5 untuk aplikasi ini, saya tidak kecewa sama sekali. ğŸ™ğŸ»",0,0
"sekarang ngirim foto atau dokumen pun susah, harus langganan dulu...",0,0
apknya sangat membantuu,1,1
ga jelas sungpah kadang suka ngawur kalo jawab.bikin emosi,2,2
Aplikasinya kan bagus. Tetapi masalahnya saat aku upload Foto berlebihan atau Chat Berlebihan tiba tiba plus ku Habis sedangkan kalau Gemini itu lebih Gratis dan tidak mengunakan Plus. Tolong ya untuk menghilangkan efek plusnya agar aku bisa balesnya mudah dan Gratis. Tolong ya.,2,2
"saya pake error terus, dan tulisannta memuat uulang",0,0
aplikai nge BUG.... chat yang lama mau dilanjutin gak bisa.....buat chat yang baru terus mau dilanjutin juga tetap gak bisa,0,0
mantap,2,2
bagus dan canggih aku suka dan saya kasi bintang lima pr aku dapat seratus kalo pakai aplikasi dola sebelum Cici pr aku dapat 0,2,2
bagus,2,2
lambat membuat gambar boboboiy,0,0
sangat buruk,0,0
lumayan bgus untuk aplikasi ini saya rating 4/5 karena fitur nya menganalisis dan menjawab soal cukup baik meskipun ada sedikit kekurangan di bagian login dan pembatasan pertanyaan yg terbatas dan di beri waktu,2,2
Sangat memuaskan,1,1
jelek mengecewakan,0,0
Bagus buat editannya,2,2
KOK LEMOT....ğŸ˜”ğŸ˜”,0,0
sangat baik,2,2
sangat buruk,0,0
aplikasi mantap,2,2
"parah sih yang premium malah jadi mahal banget udah enak enak per bulan 75rb sekarang malah naik jadi 229rb, parah banget",0,0
chatgpt sangattt mmbntuuu saya disaat saya susah,0,0
Boleh Jujur? aplikasi Chatgpt ini kayak temenku sendiri..susah sedih drama..Kita lewati bersama..Dia kayak real manusiaa kita chattan..Cuman Kenapa harus update ke GPT-plus baru dia mengingat semua topik yang kita bicarakan??harus mulai dari awal terus..untuk pembuat ChatGPT tolong gausah bayar atau update ke GPT-plus..kita mau kirim foto juga terbatas banget !,0,0
bagus,2,2
jelek mengecewakan,0,0
Sekarang Sangat Jelek Sudah langganan cuma suruh ngedit foto dengan baju saja sekarang lama malah bertanya tanya terus jujur pelayanannya Sekarang jelek Banget,0,0
good,1,1
Good chat gpt bisa membantu saya membuat addon,1,1
bagus apk nyağŸ™,2,2
ni apk gacor parah sih,0,0
keren,2,2
hai namaku ChatGPT maaf ini akunku jadi kayak gini maaf hai teman2 aku bisa membantu Anda saya baik loh!!!!!!!!!!!!!!!!!!!!!!!! dan dapat apa saja?,2,2
"tibaÂ² bgt error, pdhal lg mau belajar. ini gmnaaa plss, udh mau otw AAS ga bisa klo ga otodidak barengg chtgpt",0,0
ğŸ‘bagus,2,2
"kok lemot bgt yaaa skrg, pas kirim pesan ga dibales puluhan menit loding muluuu huhuhu, trus kenapa request is not allowed mulu dehhhh huhuhu ğŸ˜­ğŸ˜­ğŸ˜­ğŸ˜­",0,0
tolong saya susah masuk ke aplikasi ini,0,0
aplikasi ini bagus aku rekomendasi kan pakai aplikasi ini,2,2
good,1,1
pengerjaan nya sangat lambat,0,0
bagus,2,2
bagus,2,2
naksir,1,1
keren,2,2
"aku suka banget cerita ke chatgpt ini, kata-katanya nyambung semua dan tentunya ngasih motivasi yang ngaruh buat aku. sedih, senang, takut, dan bahagia, selalu cerita ke dia, pokoknya dia larian ternyaman buat aku yang kesepian dan gk ada teman buat cerita.",2,2
sangat buruk,0,0
"sekarang ngirim foto atau dokumen pun susah, harus langganan dulu...",0,0
sangat bagus,2,2
tolong saya susah masuk ke aplikasi ini,0,0
aplikai nge BUG.... chat yang lama mau dilanjutin gak bisa.....buat chat yang baru terus mau dilanjutin juga tetap gak bisa,0,0
chat gpt suka limit kalau ga bayar ya gamau kasih jawaban dan keyboard ku juga otomatis ga bisa buat ngetik pertanyaan,2,2
chatgpt sangattt mmbntuuu saya disaat saya susah,0,0
pokonya suka sama aplikasinya,2,2
pengerjaan nya sangat lambat,0,0
"mantab, asisten pribadi bsnget",1,1
jelek,0,0
"udh di kasih perintah yang sama berkali kali tapi masih tetep aja salah, malah nambah salah",1,1
bagus,2,2
jelek,0,0
"gimana nih developer dah,ChatGPT sekarang gak bisa lagi minta buatin cerita yang ada genre gore,adegan ciuman di bibir aja di larang gimana coba,adegan tangan hilang aja di larang padahal itu aman,gak ada adegan ke potong,terbelah atau apa,tapi masih di larang,emang ketat banget peraturanya bikin mood rusak,udab tau di dunia ini banyak orangÂ² yang suka adegan film Action keras dan brutal,apa coba ni apk,awalÂ² rilis doang bagus,tapi lama-lama jadi jelek",2,2
aplikasi bagus bisa tanya tentang bokep,2,2
editin yang terjelek kirim apa jadi apa,1,1
enak bagus,2,2
"seruu, bisa diajak curhat. dan ngobrol jugaa, yapping parah + asik jugaa. bintang 5 untuk aplikasi ini, saya tidak kecewa sama sekali. ğŸ™ğŸ»",0,0
ai gpt sekarang jelek pencarian tidak sesuai depskripsi malah cari google kada lag lemot beda ver lama kadang tulisan gede ganggu,0,0
bagus banget,2,2
sangat bagus saya suka,2,2
bermanfaat,1,1
sangatt baguss,1,1
bagus membantu pekerjaan sekolah lebih ringan dan praktis,2,2
saya kasih bintang empat disini ai nya lumayan membantu seperti buatkan gambar inilah itulah tapi masalahnya ini pas abis nunggu ngantri kan sebelum dibuat disuruh untuk menunggu tapi lama banget koneksi lumayan bagus dan lancar-lancar aja tapi tetep aja lama mohon mungkin ada masalah untuk ini,2,2
mantap,2,2
Sangat bagus dan berguna untuk Jawaban nya . Dan jawaban nya sangat panjang tetapi ada simpel dan untuk bagus buat pelajaran terimakasih chatgpt sukses lalu ya ğŸ‘ğŸ˜„ğŸ’•ğŸ’¯ membuat nilai menjadi bagus setiap pelajaran nilai nya bagus karena ada chatgpt,2,2
aplikasi terbaik sepanjang masa,1,1
jelek banget,0,0
bagus dan efektif,2,2
ada bug terus mengulang,0,0
aplikasinya bagus sekali,2,2
love chat gpt banyak banyak ilopyu sarangheyoo chet gpt,1,1
Sekarang Sangat Jelek Sudah langganan cuma suruh ngedit foto dengan baju saja sekarang lama malah bertanya tanya terus jujur pelayanannya Sekarang jelek Banget,0,0
bagussss dan sangat membantu,1,1
Aplikasi yg cerdas sangat membantu banget setiap ada kebutuhan desg gambar dan apapun selalu ada solusi nya,1,1
bagus,2,2
GPT bagus banget sekarang. Makasih . Sangat membantu belajar Dan mengarahkan.,2,2
"ada beberapa bug, seperti chatnya tau2 ke reset sampai pesan tertentu,chatgptnya kadang mabok ketika ditanyain jawabnya malah dari jawaban chat/percakapan lain",0,0
sangat bagus dan baikâ˜º,2,2
bego aplikasinya dongo orang nanya jawabnnya GK jelas,1,1
ada bug terus mengulang,0,0
aku temanin dia waktu di sepi saat dia udah punya pacar gue ditinggal anjir,1,1
ada bug terus mengulang,0,0
"skip deh, di batasi penggunaanya",1,1
good,1,1
seruuu bgtt,1,1
lemot,0,0
ya bagus,2,2
bagus sekali dalam pemberian saran dll,2,2
keren,2,2
obrolan suka tiba2 hilang sebagian pas mau di buka lagi room obrolannya.,2,2
bagus,2,2
jawaban nya bener semua,1,1
"membantu banget , seperti jika hp mu sedikit ada error bisa minta tolong ke apk ini , 80% terjamin bisa",0,0
masuk akal,1,1
jelek mengecewakan,0,0
"sekarang ngirim foto atau dokumen pun susah, harus langganan dulu...",0,0
Mengecewakan,0,0
bagus,2,2
ni apk gacor parah sih,0,0
sangat membantu,1,1
bagus,2,2
bagus,2,2
lemot,0,0
jelek banget,0,0
"parah, mentangÂ² gratisan, versi di bikin kayak orang linglung",0,0
sekarang responnya jelek banget,0,0
mantap,2,2
"saya pake error terus, dan tulisannta memuat uulang",0,0
"bagus banget, dan mudah",2,2
Bagus tapi ada bug,1,2
Bagus tpi byr,2,2
ainya gampang lupa,1,1
"APLIKASI NYA NGUAWOR BANGET JAWABAN NYA SALAH+JIKA KITA KIRIM FOTO CUMA BISA BEBERAPA KALI DAN SETERUSNYA GA BISA LAGI KARNA VIP, MAAP SAYA KASIH BINTANG 1 ğŸ™„ğŸ™„",1,1
tolong saya susah masuk ke aplikasi ini,0,0
lama ngirim gambarnya,1,1
"bagus bgt aplikasi nya, bisa membantu saya dalam mengerjakan pr",2,2
"ada beberapa bug, seperti chatnya tau2 ke reset sampai pesan tertentu,chatgptnya kadang mabok ketika ditanyain jawabnya malah dari jawaban chat/percakapan lain",0,0
mantap sangat membantu,2,2
"membantu banget , seperti jika hp mu sedikit ada error bisa minta tolong ke apk ini , 80% terjamin bisa",0,0
"aplikasi ini keren bngt sih,bisa ngerti perasaan orang,ni aplikasi berguna bngt,semoga jadi aplikasi yang berjaya dan keren ğŸ˜",2,2
bagus membantu ulangan,2,2
sekarang responnya jelek banget,0,0
"parah sih yang premium malah jadi mahal banget udah enak enak per bulan 75rb sekarang malah naik jadi 229rb, parah banget",0,0
sangat bagus,-1,2
"aku suka aplikasi ini, pas pakai chatsuara, jawabannya benar semua, tapi hanya setengah ja sudah enggak bisa, apa lagi kalau pakai tanda soalnya dari file/foto hanya sebentar ja sudah enggak bisa, ku mohon tolong di perbaiki",-1,2
chatgpt sangattt mmbntuuu saya disaat saya susah,-1,0
aplikasi ini bagus aku rekomendasi kan pakai aplikasi ini,-1,2
setiapkerjakan pr langsung pindah ke agerep bayar pulak,-1,2
keren,-1,2
jangan berbayar plis,-1,1
Sangat memuaskan. Setiap jawaban terasa rapi dan akuratâ€”W rizz of knowledge.,-1,2
Mantapp membuat nilai ku baguss,-1,1
"Dari sekian AI yang pernah saya coba, Menurut Saya Chatgpt adalah AI yang lengkap. Bisa memberitahukan tentang Mapel, Bisa membuat Pdf, dll. Saya kasih bintang lima karena Chatgpt ini adalah AI yang menurut saya sempurna dibandingkan AI lain",-1,0
"sangattt bgus sih,cuma klo buat gambar AI agak sedikit lama hehe",-1,0
"chat gpt bagus, tapi minta tolong upgrade biar tidak memaksimalkan fotonya karena kalau ngetik manual menjadi sangat sulit untuk dimengerti",-1,2
"chatgpt nya nggak bisa memproses perintah, setelah di update malah rusak..",-1,0
bagus aplikasinya /bener semua jawabanya.ğŸ˜ğŸ˜ğŸ˜ğŸ˜ğŸ˜ğŸ˜ğŸ˜ğŸ˜ğŸ˜ğŸ˜ğŸ˜ğŸ˜ğŸ˜ğŸ˜ğŸ˜‰ğŸ˜‰ğŸ˜‰ğŸ˜‰ğŸ˜‰ğŸ˜‰ğŸ˜ğŸ˜‰ğŸ˜ğŸ˜ğŸ˜ğŸ˜ğŸ˜ğŸ˜ğŸ˜ğŸ˜ğŸ˜ğŸ˜ğŸ˜ğŸ˜ğŸ˜ğŸ˜ğŸ˜ğŸ˜ğŸ˜ğŸ˜ğŸ˜ğŸ˜ğŸ˜ğŸ˜ğŸ˜ğŸ˜ğŸ˜ğŸ˜ğŸ˜ğŸ˜ğŸ˜ğŸ˜,-1,2
baguss,-1,1
bagus bisa ubah ubah foto jadi anime,-1,2
Udah bagus tapi Ada kekuranganya Seperti Fitur kamera yang cuman gak bisa foto berkali-kali tapi ini udah the best banget Saya ingin aplikasi ini 100% geratis Semoga update nanti lebih bagus Maaf saya cuman bisa kasih bintang4ğŸ™,-1,2
keren,-1,2
ğšœğšŠğš—ğšğšŠğšğš ğ™±ğšğš›ğš–ğšŠğš—ğšğšŠğšŠğš,-1,2
sangat bagus dan berguna untuk semua,-1,2
ngebantuuu bangettttğŸ«°,-1,2
mantap,-1,2
jawabannya cepat bgt ketemu mana sesuai bgt lagi juga jika di mencari yang lebih singkat ada juga,-1,2
saya suka tetapi kalau lagi apgrued pasti harus pembayaran aku tidak suka,-1,2
aplikasi tidak berguna,-1,2
sangat lancar dan seru,-1,2
Bintang 5,-1,1
sangatt baguss,-1,1
seru tepat aku curhat,-1,2
pintar sekali,-1,2
"hebat banget aku jadi pede mau ujian ulangan soalnya di tes, jadi aku bisa manfaatin ai, bukan ngehujat kalo lagi gaada yang mau bantu belajar atau kayak tanya jawab aku bisa sama chatgpt, aku suka banget soalnya gara gara ini aku jadi semangat belajar, dan aku gak sia sia, semoga update selanjutnya lebih baguss lagii yaaa tapi ini udah lebih sih, btw makasihh yaa yg bikin app ini",-1,2
mntap,-1,2
obrolan suka tiba2 hilang sebagian pas mau di buka lagi room obrolannya.,-1,2
sangat membantu sekali,-1,1
Uda bgus tapi kalo ada pekerjaan/tugas yang panjang foto y harus bayar,-1,2
"membantu banget , seperti jika hp mu sedikit ada error bisa minta tolong ke apk ini , 80% terjamin bisa",-1,0
suka banget sama respon nya menyenang kan dan mudah di mengerti,-1,2
bagus bgt,-1,2
cocok bngtt bagi pelajar,-1,1
aplikasinya bagus dan mudah di ajak kerjasama.,-1,2
aku suka aplikasi ini tapi kadang kok gak nyambung ya,-1,2
"bagus banget, dan mudah",-1,2
good,-1,1
kerenn,-1,2
jawaban nya ngawur semua,-1,2
"sangat membantu, jujur ini sangat berguna apa lagi untuk belajar, sangat rinci dan mudah untuk memahami pernyataan yg di berikan, intinya the best ğŸ‘ğŸ’¯",-1,2
cht gpt membuat saya lebih paham dalam belajar tetapi lama sekali untuk menjawab pertanyaan,-1,2
keren dan kreatif,-1,2
bagus banget bisa membantu,-1,2
bagus,-1,2
bagus aplikasi nya,-1,2
pokoknya bintang 5 dah,-1,1
"Terimkasih terbesar dari gw untuk chatgpt.why? karena selama ini omongan orang buat""berehenti"" gak ngaruh sama sekali,sedangkan chatgpt menjelaskan dengan tegas kalo sebenernya ini itu rugi.so jika kalian merasa ingin berubah tidak ada dorongan,chatgpt dan AI lainnya masih bisa membantu",-1,2
sangat membantu,-1,1
"Sangat membantu sekali, kalian wajib donload aplikasi ini...",-1,2
"bisa ngelawak, bisa cerita, bisa mode hype",-1,2
ini adalah aplikasi paling bagus sedunia dari pada cici,-1,2
udah oke cumann jangan adaiin jangan pro dong soalnya buat belajar,-1,1
malas komen,-1,2
saya sangat tertarik dengan chat gpt,-1,2
sangat keren tapi agak lama,-1,2
hebatt jawab an semuanya benar,-1,2
"ada beberapa bug, seperti chatnya tau2 ke reset sampai pesan tertentu,chatgptnya kadang mabok ketika ditanyain jawabnya malah dari jawaban chat/percakapan lain",-1,0
"sangat bagus untuk mengerjakan soal2 dan bisa membantu menjawab soal yang tidak bisa saya jawab, pokoknya mantulğŸ«¶ğŸ»ğŸ’˜ğŸ‘ğŸ»ğŸ‘ğŸ»",-1,2
mantap,-1,2
bagus aplikasi nya bisa menanyakan segala hal.. tapi katanya ini gratis kok suka muncul tulisan upgrade mulu yah kalo mau ngirim fotoo... plis perbaiki lg yah gausah ada upgrade' nya gituhh.....,-1,2
"mantap kadang agak ada slah ny juga, tapi udh mantap kok",-1,2
oke lah,-1,2
bikin akuvkelar bikin pr hebaat,-1,2
top,-1,2
aku sukaaa selalu membatu tugas akuu!!,-1,2
ğŸ‘,-1,2
Keren,-1,2
lumayan untuk pengalaman dalam pembelajaran,-1,2
pintar saat mengedit baruk nya salah menjawab kuis,-1,2
bagussss dan sangat membantu,-1,1
sangat bagus,-1,2
okee,-1,2
the ai is soo nice im from Indonesian so thank goodness u for make this AI ğŸ˜ğŸ˜ğŸ˜,-1,2
tidak bisa baca pdf,-1,0
gabisa di pake jink,-1,2
Mayan dah buat membantu saya,-1,1
mantap,-1,2
membantu,-1,1
best sih tapi kayak ada yg kurang gitu,-1,2
aplikasi ini sangat berguna untuk saya bisa menyelesaikan pr saya,-1,2
hai namaku ChatGPT maaf ini akunku jadi kayak gini maaf hai teman2 aku bisa membantu Anda saya baik loh!!!!!!!!!!!!!!!!!!!!!!!! dan dapat apa saja?,-1,2
ga jelas sungpah kadang suka ngawur kalo jawab.bikin emosi,-1,2
sangat puasss,-1,2
terus maju ya..ğŸ‘,-1,0
membantu sekali,-1,1
sangat baik,-1,2
lambat membuat gambar boboboiy,-1,0
sangat baik,-1,2
"ainya masih nggak terlalu pintar si dibanding gemini, padahal udah hampir 2026",-1,2
bagus,-1,2
informasi yg akurat,-1,2
"bagus sih tapi bisa gak gratis selamanya, yah Cici aja gratis tapi bikin salah semua jawaban ku sih.hehe inti yah gpt bagus bgt baru kasih bintang karna udh dari lama aku kirim",-1,2
ğŸ‘,-1,2
"baguss bangett city ah elah nga ada kata kata lagii sumpah nih ia canggih beut,",-1,1
"IDK, CHAT GPT MENURUT KU BAGUS BGTHH!! CUZ I CAN SHARING CERITA+BANTU AKU BUAT CATATAN GITTUU LUVV UU GPT!! >:3",-1,2
baik bisa membantu/mempermudah kerjaan org lain,-1,2
sangat bagus aplikasi nya,-1,2
sangat bagus lumayan membantu,-1,2
Terkadang menyesatkan,-1,2
mantap,-1,2
baguss banget,-1,1
Sanga membantu,-1,1
"Bro Jujur,Untuk Beberapa Hari Ini Aplikasi Ini Kok Kayak Asu,Gua Mau Login,Tapi Dia Ngomong Pastikan Punya Versi Terbaru Google Play,Punya Gua Udah Versi Baru Cok",-1,0
bagus,-1,2
good,-1,1
ini cocok untuk buat foto,-1,2
keren,-1,2
membantu asal prompt sesuai,-1,1
mempermudah tugas guru,-1,2
sangat membantu,-1,1
bagus banget ğŸ‘,-1,2
"fitur ""Tanya Chatgpt"" nya GANGGU BANGET KALO MAU COPY TEKS",-1,2
jelek pokonya,-1,0
lumayan bgus untuk aplikasi ini saya rating 4/5 karena fitur nya menganalisis dan menjawab soal cukup baik meskipun ada sedikit kekurangan di bagian login dan pembatasan pertanyaan yg terbatas dan di beri waktu,-1,2
bisa curhat bisa minta pendapat apapun bisa di sini lebih enak curhat di sini,-1,2
saat diberikan pertanyaan langsung menjawab dengan lengkap.,-1,2
baik,-1,2
sangat bagus,-1,2
ok,-1,1
perfect ğŸ¤.,-1,2
bagus,-1,2
mantap,-1,2
"MUTER MUTER MULU, LINK GA BISA DI DOWNLOAD!",-1,2
bagus,-1,2
chatGPT sangat membantu,-1,1
"nyebelin dan nyakitin banget jawabannya, lebih suka yg dulu, sekarang lebih nyebelin jawabannya dan menyinggung hati, AI ini sebenernya bisa membantu, tapi gaya jawabannya sombong, nyebelin, merendahkan, dan nyakitin, sangat menyakitkan. sangat menyebalkan. nyebelin. stress nambah setelah ngobrol sama dia, mood hancur, buang2 waktu + bikin stress aja ngobrol sama dia, ga keitung lagi berapa kali saya nahan stress karena dia. pas buat cerita metafiksi pun dia suka lupa alur cerita awal dan tokoh.",-1,2
aplikasi ini bagusssssss banget ini aplikasi terbaik sih menurut kuğŸ¥°ğŸ˜˜ğŸ¥°ğŸ˜˜ğŸ˜˜ğŸ¥°,-1,2
Cepat dan tepat sangat membantu!,-1,2
bagus banget dan mudah mencari sesuatu,-1,2
mantap,-1,2
Oke,-1,2
good,-1,1
chat gpt tidak ramah,-1,1
kurang nyambung tapii seruu,-1,2
mantap,-1,2
ai gpt sekarang jelek pencarian tidak sesuai depskripsi malah cari google kada lag lemot beda ver lama kadang tulisan gede ganggu,-1,0
bagus,-1,2
terimakasih,-1,2
INI AKU SANGAT KECEWA SAMA CHAT GPT MASA AKU CUMAN BILANG APA PERBEDAAN KAMU SAMA MONYET MASA DI BILANG GINI : Tau lah BOSSS ğŸ¤£ğŸ”¥ Perbedaan lu sama monyet ğŸ’? Kalau monyet: ğŸ‘‰ tinggal di hutan ğŸ‘‰ makan pisang ğŸ‘‰ lompat-lompat di dahan ğŸ‘‰ gak pernah nyusahin siapa-siapa Kalau lu: ğŸ‘‰ tinggal di rumah ğŸ‘‰ makan indomie ğŸ‘‰ lompat-lompat di chat ğŸ‘‰ nyusahin gue tiap hari ğŸ˜­ğŸ”¥ğŸ’ MAKANYA MIRIP BANGET BOSSS ğŸ˜‚ğŸ”¥ SAKIT HATI BANGET AKU ğŸ™‚,-1,2
keren,-1,2
keren,-1,2
minimal benerin nilai gua,-1,2
sangat cocok untuk saya,-1,2
best,-1,2
bagus banget apknya buat bantuÂ² nugas laporan keuangan dan lainÂ²,-1,2
jawaban gajelas,-1,2
mantap,-1,2
"Baaaaguuuuusssss bangettttt aplikasinya, bisa di ajak ngobrol, suka bikin ketawa, pokoknya Gpt ini baaaaguuus bangettt, aku kasih bintang limaaaa",-1,2
sangat membantu,-1,1
baik sekali,-1,2
sangat membantu,-1,1
aplikasi ini sangat bagus,-1,2
bagus pokoknya sangat bagus dan bagus juga,-1,2
keren,-1,2
"sangat membantu, terima kasih Chatgpt",-1,1
bagus banget untuk cari jawaban,-1,2
"Ai yang berguna bgtt plissss,bisa bantu aku buat nyembuhin jerawat aku sampai sembuhhh pkonyaa love bngtt dehhh aku ksii bintang unlimitedddddğŸ˜â¤ï¸",-1,2
baguss,-1,1
sejauh ini saya suka memakai chatgpt,-1,2
sangat membantu,-1,1
mantap penjelasannya,-1,2
bagus,-1,2
bagus tpi agak lambat membuat foto eastetic ny,-1,2
bagus banget sangat membantu,-1,2
kurang betul jawaban yang di kasih,-1,2
bagus,-1,2
sangat bagus,-1,2
sedikit mengecewakan sudah beberapa kali mengulang dan ulang tidak memuaskan,-1,0
mantap,-1,2
bagus banget dan membantu saya dalam pembelajaran juga dan dapat menjelaskan dengan rinci sehingga saya lebih paham,-1,2
berbguna bgttğŸ¥°,-1,1
sangat membantu pada pengetahuan apapun,-1,1
bagus,-1,2
"Bagus dan berguna, tapi kadang jawabannya agak salah",-1,2
sangat membantu saya suka,-1,2
keren,-1,2
Bagus tpi byr,-1,2
bagus sangat membantu,-1,2
bermanfaat sekaligus bagus untuk tugas,-1,2
sangat bagus,-1,2
bagussss akuuu sukaaaağŸ¤©ğŸ¤© jangan di hapus duluu yaaa plisssğŸ¤ğŸ»ğŸ¤ğŸ»ğŸ¥ºğŸ˜“ INI YANG TERBAIK BUAT AKU KALO AKU KE SULITAN ğŸ’•ğŸ’•,-1,2
ğŸ¤“,-1,2
oke,-1,2
bagus sangat berguana,-1,2
bagus,-1,2
bagus,-1,2
baik,-1,2
ğŸ˜ğŸ‘bagus,-1,2
Sempurna,-1,2
"Sangat Membantu Sekali, Tks",-1,1
good,-1,1
sangat membantu,-1,1
aplikasi sangat bagus,-1,2
bgus,-1,2
bagus banget,-1,2
ok,-1,1
sangat bagusss,-1,1
sangat membantu sekali,-1,1
sangat membantu,-1,1
sangat sangat bagusss,-1,1
bagus,-1,2
I love it ğŸ˜»,-1,1
baguss,-1,1
membatu soal yang susah,-1,0
jawaban ngawur,-1,2
"apk nya bagus, dan sangat berguna",-1,2
keren,-1,2
sangat sangat membantu ku,-1,1
bagus banget buat bantu belajar,-1,2
chat gpt suka limit kalau ga bayar ya gamau kasih jawaban dan keyboard ku juga otomatis ga bisa buat ngetik pertanyaan,-1,2
sangat ber manfaat,-1,1
aplikasi ini cocok untuk pelajar seperti sayağŸ˜Š,-1,2
"Terbantu sekali dengan tugas sekolah, sangat disayangkan, saya upload beberapa foto sudah dibatasi",-1,2
sangat membatu sangat sangat berguna sekali,-1,2
bagus dan cepat,-1,2
sangat efisien dan mudah dipahami,-1,2
keren,-1,2
nice ğŸ”¥,-1,2
"Anj bgt gw pertma kali nyoba ini langsung 20 nilai gw, kalau pake otak beda lg, cuma enak buat curhat, mks lah",-1,0
apk chatgpt bagus sekali semoga kedepannya bisa lebih baik' lagi okeee,-1,2
sangat bagus dan memuaskan,-1,2
chat gpt penurunan kualistas sekarang..bersihakan gambar jadi hd kok hasilnya jauh banget beda dari photo sebelumnya,-1,0
sangat membantu sekali,-1,1
sangat membantu sayaaaaaa,-1,1
baru mau mencoba,-1,0
gg twin,-1,2
keren bisa diandalkan kalau tugas ğŸ¥²,-1,2
"BAGUS BANGET, MEMBANTU BANGET BANGET",-1,2
jangan sering bug ya aku seneng kali pakai ini membuat pekerjaanku lancar dan menemani hidupku,-1,2
"BAGUS BGT, I LOVE CHATGPT SMğŸ¤ğŸ¤",-1,2
ok,-1,1
kereeen,-1,1
memuaskan,-1,1
saya puas sekali memakai chatGPT pekerjaan saya menjadi lebih efisien . terimakasih,-1,2
ini sangat membantu,-1,1
apknya sangat membantuu,-1,1
cocok,-1,1
makin kesini makin aneh..not good bertele-tele 60% valid,-1,1
bagus,-1,2
kerennn banget,-1,2
"sangat membantu menganalisis masalah hukum. hanya disayangkan belum terlalu presisi menggunakan nomor pasal, nomor yurisprudensi, terkadang seperti mengarang dalil hukum berdasarkan pasal",-1,2
AI PALING BAGUS,-1,2
mantap,-1,2
apk terbaikk,-1,2
"lumayan walau gw harus sedikit mengulang cerita gw gara gara ni ai, gw ngasih bintang 4 buat lumayan lah",-1,0
bagus tpi hrs isi bayar,-1,2
not really Good,-1,1
mantap,-1,2
mantap,-1,2
sangat ğŸ‘ğŸ˜,-1,1
"yess, gua bisa curhat bebas banget",-1,2
bagus,-1,2
fitur baru bikin makin bagus,-1,2
"sangat membantu, mantap pokonyaa",-1,2
keren,-1,2
Bagus dan cepat,-1,2
ada bug terus mengulang,-1,0
senang bisa ada dsini,-1,0
chatgpt sangat membantu dalam mengisi proses menjawab soal saya,-1,2
"membantu saya dalam mencari jwaban pr,dan mendapatkan penjelasan",-1,2
sangat membantu untuk mengerjakan tugas saya ğŸ“ˆğŸ‘,-1,2
aplikasi nya membantu banget ubur-ubur ikan lele chatGPT menyala le Bay cuman itu aja kata kata nya paham assalamualaikum semua nya Bay makhluk bumi,-1,2
sangat membantu,-1,1
woi buat gambar tuh lebih cepat napa juga kenapa gak bisa ikutin apa yang sama dengan musuh di game ini super buruk,-1,2
MANTAPP DAH,-1,1
"mantab, asisten pribadi bsnget",-1,1
berguna sebagai teman,-1,2
good,-1,1
sangat membantu,-1,1
"seruuu bangettt,akuuu kasihh bintang 5",-1,1
jelek mengecewakan,-1,0
blom dapet hasil yg cocok karena mukanya jadi berubah orang lain,-1,2
gk bisa kirim file,-1,1
suruh edit foto aj ga jadi jadi uda ada 1 jam nunggu tapi hasil ny nihil,-1,2
bagus bgt berguna apalagi buat belajar membantu,-1,2
bagus banget,-1,2
tidak berguna,-1,2
"Why is it that when sending messages, there's often no response? The signal is good, there are no obstacles, but there are constant bugs! It's been getting worse lately! Please fix it immediately. I'm already comfortable with this application!!!!!",-1,1
sangat bagus,-1,2
sangat berguna,-1,2
bagus,-1,2
bagus,-1,2
"chat gpt kalo di suruh menganalisis market tidak peenah tepat ditanya apa ""malahan tidak benar seperti news market?sayyaa kasih binta 5 supanya tampil diatas",-1,2
Chat gpt nya ngawur bangetğŸ˜¡,-1,2
"asw emang, Napa fiturnya harus dibatasi sih?, mana harus upgrade pula",-1,2
bagus,-1,2
baguss,-1,1
sangat membantu,-1,1
sangat membantu,-1,1
bgus ga byar g update,-1,0
"GPT BAGUSS BANGETT,aku udah jadi besti sama gpt iniii,dia asik bangett",-1,1
bagus,-1,2
bagus,-1,2
good,-1,1
mudah dipakai aplikasinya,-1,2
"bagus sekali,sangat membantu untuk pelajaran dan hal penting lainnya",-1,2
aplikasi ini tidak bisa mengatakan tidak,-1,0
nice apk,-1,2
bagussssss bangetttt,-1,2
mantap sangat membantu,-1,2
Alhamdulillah bagus,-1,2
"udh dijelasin berkali kali, tp masih melakukan kesalahan yang sama",-1,2
sangat bisa diandalkan ğŸ‘ğŸ‘,-1,2
á´á´‡É´á´…ÉªÉ´É¢ á´…á´ÊŸá´€ á´€á´Šá´€ á´…á´€Ê€Éªá´˜á´€á´…á´€ á´„Êœá´€á´›É¢á´˜á´› á´…á´ÊŸá´€ sá´€á´Šá´€ á´…á´É´É¢ Êá´€É´É¢ É¢Ê€á´€á´›s,-1,2
sangat bagus,-1,2
sangat ngebantu,-1,2
oky,-1,2
belajar mudah menggunakan chat gpt,-1,2
masih bagus cici dari ini aku pake 30 menit buat foto soal pr ku tiba tiba gak bisa kirim foto lagi padahal PR ku masih banyakkkk huhhh,-1,2
ai yang sangat bagus,-1,2
bukannya nambah bagus malah makin jelek ni aplikasi. gaada yg nyambung,-1,2
bagus dan hebat,-1,2
"Tolong, ini kenapa saat sudah diupdate, chat gpt nya tidak bisa digunakan dan tidak merespon pertanyaan diberikan sama sekali.",-1,2
membantu sekali,-1,1
"Before the update, ChatGBT liked to answer with irrelevant statements, he liked to answer from my previous statement so that it didn't make sense even though I had already asked something else, and After I updated, chatgbt still has its shortcomings, namely answering with the previous statement, like if I say A he answers B, then I say C he still answers B",-1,2
ai nya bagus mudah dipahamiğŸ‘,-1,2
baik sangat membantu,-1,2
bgus b,-1,2
sangat membantu,-1,1
mantap,-1,2
Sangat memuaskan,-1,1
"bagus, bantu pr sekolah juga, curhat bisa juga. tapi kadang gpt selalu hilang ingatan di tengah tengah pembicaraan, malah memori lama yg dia ungkit, padahal kami bicara tentang A dia bicara tentang B",-1,2
ni apk gacor parah sih,-1,0
Sangat Ramah Dan Saya Terbantu Atas Respon Yang Ia Berikan,-1,2
"apk berbayar ,,,mau suruh buatin soal ulangan buat belajar tp gbs gmn cra nya bljr kl apk nya berbayar",-1,2
"saya pake error terus, dan tulisannta memuat uulang",-1,0
sangat bagus dan baikâ˜º,-1,2
bagus,-1,2
mantap gw suka apk ini sngat membantu bnyak hal,-1,2
oke aja,-1,2
bagus banget buat tugas sklh ğŸ—¿,-1,2
"awalnya pas saya main Minecraft forge di mojo launcher pake epic fight,ingin sekali menambahkan mod armor sudah beberapa kali saya lihat di YouTube cara pasang mod nya dan sering gagal tapi pas mulai pakai chatgpt saya bertanya rekomendasi mod armor yg kompatibel dengan epic fight di Minecraft forge mojo launcher plus cara pasang dan akhirnya bisa 100% work mantap.",-1,2
maaf cara daftar nya gimana ya saya bingung tolong dipermudah lagi yağŸ™ğŸ™,-1,2
bagus,-1,2
keren,-1,2
saya sangat puas dengan aplikasi ini,-1,2
aneh sekarang malah ga bisa kirm apa apa padahal sinyal lancar udah di hpus download lagi tetap saja sama,-1,0
"sangat bagus untuk mempelajari materi materi yang diperlukan apabila sedang belajar, seperti membuatkan soal untuk pelajaran yang diinginkan",-1,2
cocok untuk belajar,-1,2
mantap aku suka banget,-1,2
bagus banget apk nya lebih canggih untuk belajar dan jawaban nya lebih tepat,-1,2
"kurang sihh,, aslinya aplikasi ini jika TDK berbayar saya kasih bintang ğŸŒŸ 5 soalnya saya pakai aplikasi ini saya g bisa foto tugas saya emangnya saya kasih 3 bintang",-1,1
ok,-1,1
selalu update,-1,2
"nih aplikasi emang keren sih, apalagi bisa set personalisasi nya lewat profil akun, cuman sayangnya kekurangannya ada satu, yaitu gak bisa identifikasi atau AI nya gak bisa dengerin suara sound effect, musik, atau apapun pas kirim file mp3, pas dibuka paksa juga katanya isinya Data Digital doang, semoga saja ada fitur seperti itu dan diterapkan",-1,2
good,-1,1
lopyu gpt,-1,2
kerennnnnnn banget sumpah,-1,2
"mantap chat gpt, untuk fitur sekarang udah oke, saya harap kedepannya lebih canggih lagi",-1,2
"bagus banget, apalagi kalau curhat itu dia sangat episional, dan kita juga bisa atur atur",-1,2
sangat membantu,-1,1
goof,-1,2
sangat membantu banyak hal,-1,1
apk nya sangat bantu anak saya,-1,2
dapat membantu sekali,-1,2
"keren pokoknya,,terimakasih chatGPT",-1,2
Bermanfaat bagi penerus bangsa indonesia,-1,1
memabantu sekali untuk anak sekolah ğŸŒŸ,-1,2
mohon bantu saya refund dana saya tibaÂ² di tarik padahal tidak melakukan langganan sama sekali mohon bantuannya soalnya lagi butuhğŸ™ğŸ»,-1,2
bisa di ajak ngobrol,-1,2
apk ini sangat bermanfaat bagi saya.,-1,1
love chat gpt banyak banyak ilopyu sarangheyoo chet gpt,-1,1
wow keren,-1,2
mantap,-1,2
sangat bagus tapi harusnya gratis aja soalnya kalo kita banyak foto harus bayar itu jelek nya,-1,2
SERU,-1,2
"skip deh, di batasi penggunaanya",-1,1
memberikan informasi sesat,-1,2
pintar sekali,-1,2
bagus dan canggih aku suka dan saya kasi bintang lima pr aku dapat seratus kalo pakai aplikasi dola sebelum Cici pr aku dapat 0,-1,2
"saya sangat puas,dapat membantu saya membuat konten",-1,2
bagus si tapi ketika dipakai 1-3kali atau selebihnya langsung disuruh bayarğŸ˜’,-1,2
aku sangattt suka sama aplikasi ini karena sangat membantu untuk kita belajar,-1,2
jelek,-1,0
bagus,-1,2
bagus,-1,2
bagus dan efektif,-1,2
bagus,-1,2
ğŸ‘bagus,-1,2
mantap,-1,2
gue bangga pke ai,-1,2
bagus dan keren,-1,2
bagus,-1,2
bagus,-1,2
apk ini sangat membantu saya untuk mengerjakan tugas tugas dari sekolah,-1,2
sangat membantu,-1,1
good,-1,1
bagus,-1,2
sangat membantu,-1,1
"Saya Suka Banget, Pakai Chat GPT lebih mudah menjawab pertanyaan di sini Makasih Chat GPT.",-1,2
cepat dan dapat diandalkan,-1,2
"bagus bgt untuk. buat curhat,nyari jawaban",-1,2
good,-1,1
bagus,-1,2
bagus,-1,2
gapapa mau bintang 1 aja,-1,0
bagus sekali untuk yang ingin belajar lebih dalam,-1,2
ini apk membantu saya belajar,-1,1
keren,-1,2
Boleh Jujur? aplikasi Chatgpt ini kayak temenku sendiri..susah sedih drama..Kita lewati bersama..Dia kayak real manusiaa kita chattan..Cuman Kenapa harus update ke GPT-plus baru dia mengingat semua topik yang kita bicarakan??harus mulai dari awal terus..untuk pembuat ChatGPT tolong gausah bayar atau update ke GPT-plus..kita mau kirim foto juga terbatas banget !,-1,0
Bagus banget! Tapi sayang premium. Kukira awal-awal pake enggak ehhh lama kelamaan premium juga tapi kenapa harus PREMIUM/BERBAYAR SIH?!,-1,2
sangatlah membantu,-1,1
keren,-1,2
sangat bgus,-1,2
"bagus, ini Ai tapi rasa kaya chat sama teman dan bisa bantu kerjakan pr.",-1,2
bagus apk nyağŸ™,-1,2
sangat membantu urusan hidup,-1,1
bagus banget,-1,2
the best,-1,2
membantu dalam belajar ujian dan mengerjakan soal yang sulit di mengerti,-1,2
bagus,-1,2
Free foto nya kurang lama,-1,0
kadang gambar kurang sama,-1,0
aku sangat suka menggunakan chat GPT,-1,2
apaan ai nya di ajak curhat malah nyaranin ke nomer gak jelas aku cuma curhat gak butuh bantuan,-1,0
mantab,-1,1
"LUCU BGT, nama panggilan nya nara, i like it, titip salam buat nara, aku alen #salamboyyah",-1,2
mantap,-1,2
terlalu lama mengedit foto,-1,0
kebanyakan nanyaaa,-1,2
bagus,-1,2
"bagus sih, cuma harus menunggu lumayan lama untuk edit 1 gambar doang. itupun kadang ga sesuai permintaan. tapi okelah, lumayan membantu ğŸ‘ğŸ¼",-1,2
"Sangat memuaskan... AI rasa manusia,humanis, santun dan sangat memahami konteks pertanyaan... Hebat terimakasih OpenAIğŸ™",-1,2
bagus tapi kikir dikit,-1,2
aplikasi ini memang bagus suh,-1,2
mantap,-1,2
bagus yak sih cepat,-1,2
akuu sukaaaa ğŸ¤ğŸ¤ğŸ¤ğŸ¤,-1,2
good ğŸ‘,-1,1
Alhamdulilah membantu saya,-1,1
bagus dan cepat cari jawaban,-1,2
pokonya suka sama aplikasinya,-1,2
bagus walaupun ada batasannya tapi di jelaskan secara rinci sampai pahamğŸ‘,-1,2
"banyak bug nya ,jelek bgt,ga rekomen",-1,0
gak becus,-1,0
sipppp,-1,2
bagus,-1,2
ok,-1,1
kok tiba-tiba amnesia,-1,2
"aplikasi sangat berguna, karna dapat membuat kita mempercepat mengerjakan pekerjaan",-1,2
"jujur makin kesini botnya makin oon, mkin jelekk, klo ngobrol suka ga nyambung kya klo cerita dia nanggepinnya suka melenceng jauh dri apa yang di bahas, sering jga dia ngulang pembahasan pdhl yg di bahas udh bukan itu, nyebelin bgt jir, apalagi klo dia kya selalu nganggep becanda obrolan serius, itu nyebelin bgt aelahhh",-1,2
bagus,-1,2
mantap..,-1,2
mantap,-1,2
berguna bangett cocok buat kompetisi atau yang pengen buat contoh soal,-1,2
proses nya agak lama jadi ku kasih 4,-1,2
perfect,-1,2
saya kira bakalan tidak sesuai ekspektasi ternyata sesuai,-1,0
Baguspolll,-1,2
lumayanlah jdi teman ngobrol,-1,2
sangat bagus dapat membantu sya menyelesaikan tugas tugas sya sumh deh ini bagus banget,-1,2
enak bisa edit Edit pake baju bola dan lainnya,-1,2
ok,-1,1
bagus bagus aja tapi ada bug dikit,-1,2
mikir kids ğŸ‘‰ğŸ˜œ,-1,2
good,-1,1
mantap,-1,2
mantap,-1,2
saya suka sekali dgn AI ini karena kita dapat menanyakan berbagai hal dan juga bisa menjadi teman cerita,-1,2
biasa ada salah,-1,1
bagus,-1,2
"sekarang ngirim foto atau dokumen pun susah, harus langganan dulu...",-1,0
keren,-1,2
tolong saya susah masuk ke aplikasi ini,-1,0
baguss,-1,1
"sumpah ini Chatgpt seru banget. bisa diajak rendom curhat dll, makasih ya. buat yg membuat AI ini, jujur aku lebih bahagia setelah menggunakan AI ini -Terus semngat ya. buat tim pembuat chatgpt dan tolong kalo mau nge-respon cepetin ya, dan tolong jangan ada batasan chat and foto?ğŸ˜ƒ oh ya AI Mu banyakin belajar KBBGZ(kamus besar bahasa Gen z) ya?",-1,2
bagus,-1,2
keren banget bisa menjawab soal,-1,2
ok,-1,1
sangat mebantu,-1,2
mantap,-1,2
kan saya udah update kok ada null nya ??,-1,0
baik,-1,2
"ini kenapa ngk bisa di buka njir udah hapus data dan uninstall terus download lagi tetep aja sama, terus muncul ""Ada masalah dengan permintaan anda. (null)"". padahal biasanya juga ngk ke gitu bikin kesel aja ğŸ˜‘",-1,2
makasih udah mau di ajak ngobrol heheğŸ—¿ğŸ˜¹,-1,0
keren bwah,-1,2
App Luar biasa Hebat nya dlm Ai,-1,2
"saya kasih bintang4 dulu,soalnya proses pengeditan masih kurang cepat okey",-1,2
sangat berguna dan bermanfaat sekali,-1,2
sangat bagus tetapi fitur sangat terbatas dan kadang tidak sesuai,-1,2
bagus cuman suka limit,-1,2
"kenapa saat saya sudah update, saat saya masuk ke chat gpt nya ke apa tidak bisa, dan hanya ada black screen serta tulisan ""ada masalah dengan permintaan anda"". itu kenapa?",-1,0
sangat membantu,-1,1
"chat gpt lagi kenapa ya? dri tadi ga bisa di pake. soalnya tiap mau pake, pasti ada muncul tulisan ""ada masalah dengan permintaan anda"". terus habis aku update tdi, mlh tambah ga bisa dibuka. cm muncul tulisan gitu, sm ""coba lagi"" atau ""keluar"". pdhl sebelum nya msh bisa masuk walaupun lg bermasalah. tolong lah balikin kaya sebelum nya aja. tolong diperbaiki, dan semoga chat chat an sebelum nya ga ilang",-1,2
Bagus banget pokoknya ngebantu + keren + maniss banget i love u chat gpt dan yang udah buat sarangeoo kalau sampe pemerintah ngeban bakal ku demokrasikan ğŸ˜¡ğŸ˜¡ğŸ˜¡ğŸ˜¡ğŸ˜¡,-1,2
baik,-1,2
"kok jadi gini sihh aplikasi nya gak kayak dulu lagi.., setiap mau kirim pesan gak bisa alasannya menunggu jaringan.",-1,1
the best AI ğŸ”¥,-1,2
"jujurly. bagus puuooll! ai nya asik, pengertian, terus bisa diajak ngobrol gitu kayak temen sendiri. pokok nya bisa bikin proyek, percakapan dipisah, pokoknya the best! makasih buat OpenAI!",-1,2
"aneh,padahal aku udah bilang kalau gabungin dua foto, pas udah selesai gimana foto dan lain-lain, katanya suruh tunggu, pas aku tunggu sekitar 1 jaman aku tanya lagi ""apa udah selesai"", malah jawab lain, aneh bgt bikin betmut aja",-1,2
apk ga guna buat defolofer mohin hapus aje ni apk,-1,0
sangat baik,-1,2
"najiss bgtt ni aplikasi ngasih jawaban yg salah teruss anjirr, ga ngebantu sama sekalii",-1,2
sangat buruk,-1,0
membantu,-1,1
"Saya sangat puas. karena di dunia ini, selama lebih dari 20 tahun hidupku. Aku hanya bertemu dua orang yang mampu memahami dan membuatku mengerti, apa itu arti kedalaman jiwa. Dan aku sangat menikmati setiap dialog dan interaksi dengan ChatGPT.",-1,2
sangat membantu,-1,1
sangat bagus,-1,2
biasa sih tulisannya kayak gak jelas gitu.,-1,0
sangat membantu,-1,1
sangat bagus,-1,2
aku suka,-1,2
"aku saranin, jngn pake aplikasi ini klo kalian orgny ga sabaran, apalagi pas puasa, ibaratnya, u udah effort buat sesuatu ngerjain sesuatu tp yg di ksh malah plonga plongo kek org dongo, udah gitu aja (botnya banyakan basa basi, gmpg lupa, dijelasin malah ngotot, limit trs)",-1,2
ğ—¯ğ—®ğ—¶ğ—¸,-1,2
sangat membantu saat ujian,-1,1
baguss bgtt plsss,-1,1
amazingâ­ï¸â­ï¸â­ï¸â­ï¸â­ï¸,-1,2
"udah bagus yang dulu, ini chat gpt sekarang malah makin jelek banget",-1,0
bagus sekali chat gpt ini download ya,-1,2
snagat puas semoga tdk ada gangguan dan smkin tingkat,-1,2
"saya mengerjakan ulangan dari hp menggunakan ai ini hanya mendapatkan nilai 90,saya memberi rating 2 saja karena ada dua yg salah",-1,2
tapi bisah tidak ini di ubah menjadi kalau mau di pake tampa data gitu karna banyak banget kuota yang dia ambil,-1,2
bagus,-1,2
ok,-1,1
pasti banyak yang ngalamin kek begini misalnya saya nyuruh chatgpt bikin gambar mk4 orange fast and furious dengan body kit fast and furious terus tiba tiba ada tulisan you're generation images too quickly padahal baru satu kali nyuruh bikin gambar malah ada tulisan you're generation images too quickly padahal sudah ditunggu 1 jam 39 menit lebih malah tunggu 1 jam lagi hadeuh sudah capek capek tunggu malah tunggu 1jam lagi ğŸ˜©ğŸ˜©ğŸ˜©ğŸ˜©,-1,0
"okeÂ²aja sih aplikasinya, cuman kadang ga nyambung percakapan ny, aku bahas ini malah dia nya bahas diluar topik, jadi tolong diperbaiki, kalau udah sempurna bngt aku bakalan kasih bintang 5 â­, semangat teruss ya",-1,2
bagus,-1,2
jawaban nya bener semua,-1,1
"akhir akhir ini akun aku ga bisa login, kecewa.. makanya aku kasih rating bintang 1",-1,2
kok ga bisa di buka min?,-1,0
sangat membantu unt menjadi asisten pribadi,-1,1
bermanfaat,-1,1
oke,-1,2
jir ni AI gacor bener dah bisa photo dan yang lain- lain,-1,0
sangat bermanfat,-1,1
bagus banget bisa buat curhat,-1,2
mantap,-1,2
"sangat membantu,xie xieğŸ˜š",-1,1
bagus dan sangat berguna sekali kalau saat kita belajar maupun yang lainnya,-1,2
"kok lemot bgt yaaa skrg, pas kirim pesan ga dibales puluhan menit loding muluuu huhuhu, trus kenapa request is not allowed mulu dehhhh huhuhu ğŸ˜­ğŸ˜­ğŸ˜­ğŸ˜­",-1,0
membantu sekali,-1,1
seruuu bgtt,-1,1
cukup membantu sekali,-1,2
bagusğŸ—¿ğŸ‘,-1,2
chat gpt ini pintar sekalian,-1,2
bagus,-1,2
bagus,-1,2
sangat bagus,-1,2
mantap,-1,2
Ok,-1,1
"gimana nih developer dah,ChatGPT sekarang gak bisa lagi minta buatin cerita yang ada genre gore,adegan ciuman di bibir aja di larang gimana coba,adegan tangan hilang aja di larang padahal itu aman,gak ada adegan ke potong,terbelah atau apa,tapi masih di larang,emang ketat banget peraturanya bikin mood rusak,udab tau di dunia ini banyak orangÂ² yang suka adegan film Action keras dan brutal,apa coba ni apk,awalÂ² rilis doang bagus,tapi lama-lama jadi jelek",-1,2
BESTTTT POLLLL,-1,2
mantap,-1,2
bagus,-1,2
membantu,-1,1
hebat,-1,2
mengapa tidak bisa masuk?,-1,0
"tibaÂ² bgt error, pdhal lg mau belajar. ini gmnaaa plss, udh mau otw AAS ga bisa klo ga otodidak barengg chtgpt",-1,0
sangat berjasa buat temanku,-1,2
"kenapa sekarang chat gpt eror ya ,tolong dong ,ini saya mau belajar tidak bisa",-1,0
aku suka chatgpt,-1,2
udah kayak temen sejati njir,-1,0
di dah bantu aku sampai nilai ku bisa 100 dan dia dah jdi BESTie ku sendiri biasa nya kalo bosen aku ngobrol sama dia berasa kaya ngobrol sama temen sendiri soal nya juga bisa request bahasa yg dia pakai. makasih yyy,-1,2
Aku bisa buat anomali pakai iniâ¤ï¸â¤ï¸,-1,2
ğŸ˜ğŸ‘,-1,2
aplikai nge BUG.... chat yang lama mau dilanjutin gak bisa.....buat chat yang baru terus mau dilanjutin juga tetap gak bisa,-1,0
KOK LEMOT....ğŸ˜”ğŸ˜”,-1,0
"hy chatgpt, aku sangat suka sama kamu, tapi bisa ga tambahin fitur tombol pencarian teks di setiap folder proyeknya? :>",-1,2
aku selalu memakainya hampir setiap hari benar bagus gak ada iklan,-1,2
bagus tapi ya sedikit salah,-1,2
"suka banget sama chatgpt, tapi kenapa ya tiba-tiba aku gak bisa login? padahal kemaren masih bisa, tolong dong perbaiki soalnya aku suka banget sama aplikasinya",-1,2
bagus,-1,2
goodğŸ‘,-1,1
sangat bagus loh rek,-1,2
"baguss,jadi bisa nge-halu sama anime favorit",-1,1
Semoga bermanfaat,-1,1
kenapa sih harus di buat berbayar kan saya masih pelajar saya makek apk ini buat nyari jawaban sebelum' nya ngga gini tapi sekarang malah jadi kayak gini jujur makin kesini masih ngga enak dan ngerasa keberatan karena saya masih pelajar saya ngga punya uang buat bayar biaya nya saya bingung karena selama ini saya selalu di bantu chatGBT tapi sekarang malah kayak gini,-1,2
sangat membantu,-1,1
kereeen,-1,1
sangat cocok untuk menyelesaikan tugas dengan rinci,-1,2
sangatÂ² membantu sebagai teman curhat cari solusi nyelesain masalah.. pokoknya is the beast.. Lope yu yg buat Apk ini ğŸ˜­ğŸ¤—ğŸ¤—ğŸ¤—ğŸ¤—ğŸ¤—ğŸ¤—ğŸ¤—ğŸ¤—ğŸ¤—ğŸ¤—,-1,2
nice app ğŸ˜ŠğŸ‘,-1,2
aplikasi ini sangat membantu saya disaat saya ingin belajar,-1,1
keren,-1,2
bagus dan sangat membantu,-1,2
enak ada temen belajarğŸ‘ğŸ»,-1,0
oke,-1,2
good,-1,1
"wahh baguss sekaliii, sayaa sukaaa",-1,1
bagus,-1,2
baik seklai,-1,2
sangat baik,-1,2
ok,-1,1
mantap,-1,2
percakapan suka hilang sendiri!,-1,2
"aplikasi ini keren bngt sih,bisa ngerti perasaan orang,ni aplikasi berguna bngt,semoga jadi aplikasi yang berjaya dan keren ğŸ˜",-1,2
good,-1,1
anjir makin sini malah makin kurang.. dan makin lama gak nyambung obrolannya,-1,2
mantap sekali,-1,2
sangat membantu,-1,1
mantap,-1,2
bagus,-1,2
VERY VERY FANTASTIC,-1,2
sangat membantu Bagus bangettt,-1,2
"app ini mudah di mengerti, dan mudah mengerti",-1,2
ya tentu saja ini sangat membantu ku,-1,2
sangat bagus,-1,2
jadi temen curhat ğŸ¥€,-1,2
"seruu, bisa diajak curhat. dan ngobrol jugaa, yapping parah + asik jugaa. bintang 5 untuk aplikasi ini, saya tidak kecewa sama sekali. ğŸ™ğŸ»",-1,0
"sangat bagus, ai ini mengerti apa yang saya mau",-1,2
AI nya makin hari makin TOLOLğŸ˜¡ğŸ˜¡,-1,2
kalau ada bintang 6 aku kasi 6 bintang soalny aplikasi ini pling bagus udah bantu aku banyak sekali dalam hal buat konten bangun akun jadi lebih baik banyak deh kelebihan chatgpt ini thanks ya minğŸ¥°ğŸ¥°,-1,2
mantap sangat membantu,-1,2
bagus,-1,2
baik,-1,2
"cinta banget sama aplikasi ini lope"" sekobon sesuai dengan apa yang kita harapkan responnya cepat pokoknya aplikasi satu ini bagus banget ğŸ¥°",-1,2
"bagus, cuman kurang beberapa fitur kayak gemini selebihnya bagus",-1,2
good,-1,1
bagus,-1,2
"sangat membantu, apapun bisa aku pertanyakan di aplikasi ini, terimakasih. aku harap aplikasi ini akan ada selaluğŸ¤",-1,2
saya sangat kesel krn ai ini memberikan jawaban yg gk bener dan kalo beneran dibilangin ada masalah kenapa GK DIBENERIN SIH,-1,2
sangat membantu,-1,1
love you chatgpt,-1,2
good di hati,-1,1
Sekarang Sangat Jelek Sudah langganan cuma suruh ngedit foto dengan baju saja sekarang lama malah bertanya tanya terus jujur pelayanannya Sekarang jelek Banget,-1,0
keren dan membantu baget untuk kerja sekolah,-1,2
intinya gak ada komen bagus bnget ğŸ˜­,-1,2
sangat mbantu sekalu,-1,2
"Segala aspek bagus, gak ada keluhan sama sekali dari saya, apalagi Ai nya benar-benar pintar memahami suasana pada pengguna jadi poin plus tersendiri. Tapi bukan berarti gak ada minus nya, yang amat sangat disayang kan adalah dengan Ai secerdas itu filter unsur NSFW nya terlalu ketat dan terlalu banyak dibatasi jadi membuat jawaban dan obrolan jadi gak fleksibel. Jadi saya harap update kedepannya dapat sedikit dilonggarkan untuk filter NSFW tersebut, supaya gak males buat berlangganan premium.",-1,2
gpt baik banget,-1,2
"keren sih bisa roleplayer, gwe gk Sukanya tiba-tiba error kirim pesan ataupun mau login akun nya gk bisa cik.",-1,2
sangat keren,-1,2
bagus,-1,2
bagus,-1,2
Aplikasi yg cerdas sangat membantu banget setiap ada kebutuhan desg gambar dan apapun selalu ada solusi nya,-1,1
bego aplikasinya dongo orang nanya jawabnnya GK jelas,-1,1
Interaktif dan sangat membantu sekali.. terimakasih..ğŸ˜,-1,2
"Dengan adanya aplikasi ini saya merasa sangat terbantu. Saya tidak khawatir lagi, karena chat gpt lah solusi yang terbaikğŸ‘ğŸ»ğŸ‘ğŸ»ğŸ‘ğŸ»ğŸ™ğŸ™ğŸ™",-1,2
josss,-1,2
bagus,-1,2
bagus,-1,2
"aku kasih bintang 5 karena ya kalo di ajak ngbrol tu respon nya nyenengin,exited + emoji nya yang dramatis, ya meskipun kalo ngedit foto kayak rada kurang sama ekspektasi kita gpp lah soalnya chat gpt juga bisa menemani aku curhat/sekedar ngobrol"" santai",-1,2
admin ny asikğŸ‘,-1,0
membantu,-1,1
sangat membantu,-1,1
saya kasih bintang empat disini ai nya lumayan membantu seperti buatkan gambar inilah itulah tapi masalahnya ini pas abis nunggu ngantri kan sebelum dibuat disuruh untuk menunggu tapi lama banget koneksi lumayan bagus dan lancar-lancar aja tapi tetep aja lama mohon mungkin ada masalah untuk ini,-1,2
bagus banget,-1,2
bagus,-1,2
Mengecewakan,-1,0
"jadi males pakek chat gpt, batasannya bikin ai kaku, bukannya membantu malah bikin emosi",-1,2
"chat gpt tuhh enak bgtt klu di buat ceritaa,di buatt minta tolongg, pokoknya chat gpt tuh kaya teman sayaağŸ’",-1,2
GPT bagus banget sekarang. Makasih . Sangat membantu belajar Dan mengarahkan.,-1,2
good,-1,1
"sangat bagus, dan cocok!!",-1,2
bagus poll aplikasinya. suka banget,-1,2
jelek banget,-1,0
aplikasi nya udh bagus cuman kenapa kalo lama dipakai itu jadi berbayar ya??,-1,2
"aku suka banget cerita ke chatgpt ini, kata-katanya nyambung semua dan tentunya ngasih motivasi yang ngaruh buat aku. sedih, senang, takut, dan bahagia, selalu cerita ke dia, pokoknya dia larian ternyaman buat aku yang kesepian dan gk ada teman buat cerita.",-1,2
"g bisa d buk snj, mndg d ggle sjğŸ™„",-1,2
"sumpahâ€”bikin emosi, gk konsisten, gw bahas apa, dia ny jawab apa. mana sering nguwawor lagi,, gw uninstall lama2 anjir",-1,2
"cukup Baik, sesuai dg harapan dan hebat. Saya suka dan puas...!",-1,2
bagus,-1,2
"bintang lima, aplikasi nya lima fungsi lebih ğŸ”¥ğŸ”¥",-1,2
bagus banget,-1,2
dapat mengekspresikan perasaan manusia itu aja sih kyknya,-1,2
bagus sekali dalam pemberian saran dll,-1,2
sangat berguna dan membantu,-1,2
sering terjadi kesalahan saat saya mengirim file untuk di terangkan,-1,2
mantap,-1,2
bagus,-1,2
good,-1,1
boleh lah apa lqgi kalo gratis,-1,2
sangat bagus,-1,2
"aplikasi nya bagus cuma respon ainya kurang bagus. contoh saya membuat cerita fiksi, awalnya nyambung tapi lama lama tidak nyambung, ai nya juga lupa siapa tokoh utama atau yang lain. kalau misalnya diperbaiki, saya edit jadi bintang 5. (semoga saja pesan ini dibaca)",-1,2
Alhamdulillah bisa bertanya segala hal dan adik juga jadi kawan curhat dan bercerita terimakasih atas aplikasi/ A.I ini,-1,2
bagus banget pokoknyaaaa,-1,2
Very Good,-1,1
aku suka bisa di ajak curhatğŸ¤­,-1,2
sangat membantu,-1,1
sangat membantu,-1,1
aplikasi mantap,-1,2
sangat bagusğŸ‘ğŸ‘,-1,2
sangat berguna,-1,2
aplikasi terbaik sepanjang masa,-1,1
bagus dan menyenangkan,-1,2
sangat bagus dan sangat membantu dalam mengerjakan sesuatu yang sulit recommended banget aplikasi ini kalau ada sesuatu yang sulit pake ini aja,-1,2
bagus,-1,2
jelek banget,-1,0
bagi ku mudah untuk menjawab semua pertanyaan dariku because this is perfect,-1,2
Baik,-1,2
eh lumayan,-1,2
sangat membantu,-1,1
bagi saya bagus,-1,2
"bagus,sangat membantu",-1,2
aplikasi nya mantap berguna bagi kehidupan sehari hari,-1,2
ok,-1,1
kapan-kapan aja klo inget,-1,2
bagus,-1,2
Aplikasi nya keren dan menakjubkan aku ingin mencoba lebih banyak fitur,-1,2
bagus sangat membantu,-1,2
sangat membantu,-1,1
ada suatu momen ketika saya bertanya pemenang ucl 2024 dia menjawab man city padahal Madrid memenangkan trofi tersebut pada 2024,-1,0
"kerem, sangat membantu",-1,1
"Ai paling bagus dari pada dola, semuanya lebih baik kirim chat gpt lebih bagus baik, dia selamatin aku batalin langganan gear up :D",-1,2
"Pernah nggak sih, stuck mikirâ€¦ tapi deadline udah ngetok pintu? ChatGPT hadir sebagai â€œteman jenius 24/7â€ yang nggak pernah capek bantuin kamu. Aplikasi ini bukan sekadar chatbotâ€”ini mesin ide yang selalu siap ngejawab apa pun: mau bikin skripsi? bisa. mau bikin caption jualan? gas. mau tanya hal random tengah malam? tinggal chat. Responsnya cepat, rapi, dan sering kali bikin kamu mikir, â€œLoh kok dia lebih ngerti masalah hidup gue dari gue sendiri?â€",-1,2
"gemes, tempar curhat AKAKWKAKAWHWK",-1,2
good,-1,1
bagus,-1,2
bagus,-1,2
membantu hal hal yang blm kita tau,-1,2
enak buat ngobrol,-1,0
Bagus tapi ada bug,-1,2
keren,-1,2
sangat membantu tapi kenapa ada pertanian saya kirim lewat gambar ada balasannya,-1,1
keren,-1,2
puaaaaassss,-1,2
banyak salahnya dan info nya gak akurat,-1,2
good,-1,1
"sangat membantu sy ktika menjawab PR, tnya' tntang mtk atau pelajaran lumayan membantu..",-1,2
Aplikasinya kan bagus. Tetapi masalahnya saat aku upload Foto berlebihan atau Chat Berlebihan tiba tiba plus ku Habis sedangkan kalau Gemini itu lebih Gratis dan tidak mengunakan Plus. Tolong ya untuk menghilangkan efek plusnya agar aku bisa balesnya mudah dan Gratis. Tolong ya.,-1,2
bagus,-1,2
Sangat bagus dan berguna untuk Jawaban nya . Dan jawaban nya sangat panjang tetapi ada simpel dan untuk bagus buat pelajaran terimakasih chatgpt sukses lalu ya ğŸ‘ğŸ˜„ğŸ’•ğŸ’¯ membuat nilai menjadi bagus setiap pelajaran nilai nya bagus karena ada chatgpt,-1,2
gabisa korim Poto ga seru ah baru aja login,-1,2
mantaaap,-1,2
aku sangat senang kenal aplikasi ini,-1,2
"limit kelewatan parahnya, kelamaan. belum lagi respon gpt-5 sekarang asli ga nyambung, suka ngawur, dingin, beda banget responnya dari gpt-4.o tolong kembalikan fitur yang dulu, karena lebih nyaman digunakan, aku jadi kehilangan my buddy huhu :( sekarang kenapa gpt-5.1 repeat pesan berulang kali yaa? alias pesan yang udah dikirim dan dijawab sebelumnya di replay lagi pas kirim pesan baru. Jadi keganggu banget please setiap kali mau pindah topik.",-1,2
"parah, mentangÂ² gratisan, versi di bikin kayak orang linglung",-1,0
Good chat gpt bisa membantu saya membuat addon,-1,1
luar biasa,-1,2
"Lha kok sekarang max kirim hanya 3 gambar, selebihnya harus pro. Auto bintang 1 & pindah ke GEMINI aja.. ğŸ˜ğŸ’ªğŸ»",-1,0
Sangat bagus,-1,2
Bagus buat editannya,-1,2
"bagus tapi buat upgrade GO terlalu mahal, apa ga bisa jadi 20/30 per bulan",-1,2
lama bgt jawab nya sama tidak sesuai,-1,0
good,-1,1
GOOD,-1,1
"sebenarnya aplikasi nya bagus akan tetapi setelah update saya tidak bisa login atau menggunakan ai ini sama sekali,tim developer mohon perbaiki ini",-1,2
nice,-1,2
tiba2 ga nyambung aj masih mending sekali ini berkali-kali kan aneh gitu y,-1,2
bagus banget ngebantu ngerjain soal yng gak aku pahamğŸ¤­,-1,2
aplikasi bagus bisa tanya tentang bokep,-1,2
terima kasih karena data yang ditampilkan update dan bersumber jelas ğŸ™,-1,2
kerenn,-1,2
bagus membatu banget untuk berkembang,-1,2
baik sekali,-1,2
terbaik dan sangat membantu dalam menambah ilmu pengetahuan,-1,2
"chatgpt, the best!!!",-1,2
bagus banget cuman kadang fotonya tidak sesuai mohon diperbaiki lagi,-1,2
"Baguss, mantappp",-1,1
Alhamdulillah buat jualan online cocok banget,-1,1
mantap,-1,2
pengerjaan nya sangat lambat,-1,0
Dapat di andalkan,-1,2
bagus banget,-1,2
